UPC Code,Internal ID
9343443104296,3277
9343443104319,3275
9343443104302,3274
,3273
9343443103800,3271
9343443103794,3270
,3266
9343443103817,3267
9343443103787,3269
9343443103824,3268
9343443103855,3265
9343443103848,3264
9343443103831,3263
9343443103879,3262
,3260
9343443103862,3261
9343443103909,3259
9343443103893,3258
9343443103886,3257
9343443103916,3253
9343443103923,3254
934344310393,3255
9343443103947,3256
,3252
9343443103978,3251
9343443103961,3250
9343443103954,3249
9343443104012,3248
,3244
9343443103985,3245
9343443103992,3246
9343443104005,3247
9343443104043,3243
9343443104036,3242
9343443104029,3241
9343443104067,3238
9343443104074,3239
9343443104081,3240
,3236
9343443104050,3237
9343443104111,3235
9343443104128,3231
9343443104104,3234
9343443104098,3233
9343443104135,3232
,3230
9343443104166,3229
9343443104159,3228
,3224
9343443104173,3225
9343443104142,3227
9.34344E+12,3226
9343443104210,3223
9343443104203,3222
9343443104197,3221
,3218
9343443104227,3219
9343443104234,3220
9343443104265,3217
9343443104258,3216
9343443104241,3215
9343443104272,3213
9343443104289,3214
,3212
9343443103671,3210
9343443103664,3209
9343443103688,3211
9343443103541,3208
9343443103534,3207
9343443103527,3206
9343443103510,3205
,3201
9343443103756,3202
9343443103763,3203
9343443103770,3204
9343443103725,3198
9343443103732,3199
9343443103749,3200
,3197
9343443103701,3195
9343443103695,3194
9343443103718,3196
,3193
,3188
9343443103626,3192
9343443103619,3191
9343443103596,3189
9343443103602,3190
,3184
9343443103640,3186
9343443103633,3185
9343443103657,3187
9343443103589,3183
9343443103572,3182
9343443103565,3181
9343443103558,3180
,3179
9343443103473,3177
9343443103466,3176
,3175
9343443103497,3173
9343443103503,3174
9343443103480,3172
,3171
,3170
,3169
,3168
,3167
,3166
9343443102797,3164
9343443102780,3163
9343443102803,3165
9343443102766,3161
9343443102759,3160
9343443102773,3162
,3159
9343443103336,3158
9343443103343,3157
9343443103367,3155
9343443103350,3156
,3154
9343443103183,3152
9343443103176,3153
9343443103190,3151
9343443103206,3150
9343443103220,3148
9343443103213,3149
,3147
9343443103244,3144
9343443103251,3146
9343443103275,3143
9343443103237,3145
9343443103268,3142
9343443103305,3141
9343443103282,3140
9343443103299,3139
9343443103312,3137
9343443103329,3138
,3136
9343443103046,3134
9343443103039,3132
9343443103053,3130
9343443103060,3131
9343443103022,3133
9343443103084,3127
9343443103091,3129
9343443103077,3128
9343443103107,3125
9343443103114,3126
9343443103145,3124
9343443103138,3122
9343443103152,3120
9343443103169,3121
9343443103121,3123
,3119
,3116
9343443102896,3118
9343443102889,3117
9343443103015,3115
9343443103008,3114
,3113
9343443102964,3111
9343443102971,3112
9343443102988,3108
9343443102995,3109
9343443102957,3110
,3107
9343443102872,3106
,3104
9343443102865,3105
9343443103398,3102
9343443102810,3101
9343443102834,3103
,3100
9343443102858,3099
9343443102841,3098
,3097
9343443102742,3093
9343443103381,3091
9343443102735,3092
,3087
9343443102711,3090
9343443102698,3088
9343443102704,3089
9343443102681,3086
9343443102667,3084
9343443102674,3085
9343443102650,3083
,3080
9343443102636,3081
9343443102643,3082
9343443102599,3079
9343443102575,3077
9343443102582,3078
9343443103374,3076
,3073
9343443102605,3074
9343443102612,3075
9343443104326,3071
9343443102902,3070
9343443103404,3069
9343443102933,3067
9343443102940,3068
,3066
,3062
9343443102537,3061
9343443102520,3060
9343443102513,3059
9343443102506,3058
9343443102490,3057
9343443102483,3056
9343443102568,3050
9343443102551,3049
,3048
9343443102049,3046
9343443102032,3045
,3043
9343443102025,3044
9343443102322,3041
9343443102315,3040
9343443102339,3037
9343443102308,3039
9343443102346,3038
,3036
9343443102377,3035
9343443102360,3034
9343443102353,3033
9343443102384,3031
9343443102391,3032
,3030
,3029
9343443102100,3028
9343443102094,3027
9343443102117,3024
9343443102087,3026
9343443102124,3025
,3023
9343443102070,3022
9343443102056,3020
9343443102063,3021
,3019
9343443102247,3018
9343443102230,3017
9343443102223,3016
9343443102186,3015
9343443102162,3013
9343443102179,3014
9343443102155,3012
9343443102131,3010
9343443102148,3011
9343443102216,3009
,3006
9343443102193,3007
9343443102209,3008
9343443102407,3004
,3005
9343443102414,3003
9343443102445,3001
9343443102452,3000
,3002
9343443102421,2998
9343443102438,2997
,2999
,2996
,2993
9343443102469,2995
9343443102476,2994
9343443102278,2992
,2989
9343443102254,2990
9343443102261,2991
9343443102292,2988
9343443102285,2987
,2986
,2985
,2983
9343443005340,2982
9343443005333,2981
9343443005326,2980
9343443101721,2978
9343443101714,2977
9343443100694,2976
9343443100670,2974
9343443100687,2975
9343443100786,2973
,2970
9343443100762,2971
9343443100779,2972
9343443101547,2969
9343443101530,2968
9343443101561,2966
9343443101523,2967
9343443101554,2965
9343443100991,2964
9343443100984,2963
9343443100960,2961
9343443100977,2962
,2960
9343443101776,2958
9343443101783,2959
9343443101769,2957
,2956
9343443101790,2954
9343443101806,2953
9343443101813,2955
,2952
9343443101882,2949
9343443101875,2948
9343443101899,2946
9343443101905,2947
9343443101929,2944
9343443101936,2945
9343443101943,2942
9343443101950,2943
9343443101967,2940
9343443101974,2941
9343443101981,2938
9343443101998,2939
,2937
9343443102018,2935
9343443102001,2936
,2934
9343443101912,2933
9343443101868,2932
9343443101851,2931
9343443101844,2930
,2927
9343443101820,2929
9343443101837,2928
9343443101738,2924
9343443101745,2925
9343443101752,2926
,2923
9343443101479,2879
9343443101462,2878
9343443101493,2875
9343443101486,2874
9343443101677,2877
9343443101660,2876
9343443101516,2873
9343443101509,2872
9343443101639,2871
9343443101622,2870
9343443101653,2869
9343443101646,2868
9343443100724,2864
9343443100755,2867
9343443100731,2865
9343443100748,2866
9343443100700,2862
9343443100717,2863
,2858
9343443100816,2857
9343443100809,2856
,2854
9343443100793,2855
9343443100847,2853
9343443100830,2852
9343443100823,2851
9343443100878,2850
9343443100854,2848
9343443100861,2849
,2847
9343443100953,2846
9343443100946,2845
9343443100939,2844
9343443100922,2843
9343443100915,2842
9343443100908,2841
9343443100885,2839
9343443100892,2840
9343443101073,2838
9343443101066,2837
9343443101059,2836
9343443101035,2834
9343443101028,2833
9343443101042,2835
,2830
9343443101004,2831
9343443101011,2832
9343443101110,2829
9343443101103,2828
,2825
9343443101080,2826
9343443101097,2827
9343443101134,2824
,2822
9343443101127,2823
9343443101158,2821
9343443101141,2820
,2819
9343443101196,2818
9343443101189,2817
,2814
9343443101172,2816
9343443101165,2815
9343443101226,2813
9343443101219,2812
9343443101202,2811
9343443101240,2809
9343443101233,2808
9343443101257,2810
,2807
,2805
9343443101264,2806
9343443101318,2803
9343443101301,2802
9343443101325,2804
9343443101288,2800
9343443101271,2799
9343443101295,2801
,2798
9343443101349,2796
9343443101332,2795
9343443101356,2797
,2794
,2791
,2786
,2783
9343443101370,2781
9343443101387,2782
9343443101400,2779
9343443101363,2780
,2777
9343443101394,2778
9343443101424,2775
9343443101431,2776
9343443101417,2774
,2771
9343443101448,2772
9343443101455,2773
9343443101592,2770
9343443101585,2769
9343443101608,2766
9343443101615,2767
9343443101578,2768
,2765
,2760
9343443100649,2759
9343443100632,2758
9343443100625,2757
9343443100663,2756
9343443100656,2755
,2754
,2752
,2751
,2750
,2749
,2748
,2747
,2746
,2744
,2745
,2743
9343443100618,2742
9343443100601,2741
9343443100595,2740
,2735
,2736
,2731
,2728
9343443100311,2730
9343443100304,2729
9343443100274,2727
9343443100274,2726
,2725
,2722
,2720
9343443100458,2721
9343443100465,2719
,2718
,2708
,2707
,2706
,2705
9343443100427,2703
9343443100410,2702
9343443100403,2701
,2700
,2698
,2699
,2697
,2694
,2695
,2696
,2692
,2693
,2690
,2691
,2688
,2689
,2686
,2687
,2685
,2682
,2683
,2684
,2680
,2681
,2676
,2677
,2678
,2679
,2674
,2672
,2673
,2671
,2670
,2669
,2666
,2668
,2667
,2662
,2664
,2663
,2665
,2660
,2661
,2658
,2659
,2656
,2655
,2657
,2654
,2651
,2653
,2652
,2649
,2648
,2650
,2647
,2643
,2645
,2644
,2646
,2641
,2640
,2642
,2639
,2636
,2635
,2637
,2634
,2633
,2630
,2632
,2631
,2628
,2629
,2626
,2627
,2624
,2623
,2625
,2622
,2621
,2618
,2620
,2619
,2615
,2617
,2616
,2614
,2613
,2612
,2610
,2611
,2609
,2607
,2608
,2606
,2602
,2605
,2603
,2604
,2601
,2599
,2600
,2598
,2594
,2597
,2595
,2596
,2593
,2592
,2589
,2590
,2591
,2588
,2587
,2586
,2584
,2585
,2583
,2582
,2580
,2581
,2579
,2578
,2576
,2577
,2575
9343443100038,2574
9343443100014,2572
9343443100021,2573
,2571
9343443100441,2566
9343443100434,2565
,2564
,2562
,2563
,2561
,2558
,2557
,2556
9343443100397,2555
9343443100380,2554
9343443100373,2553
,2552
9343443100366,2551
9343443100342,2549
9343443100359,2550
,2548
9343443100243,2546
9343443100250,2547
9343443100229,2542
9343443100212,2543
9343443100205,2544
9343443100212,2545
9343443100182,2540
9343443100199,2541
,2539
,2538
,2537
,2536
,2535
9343443100090,2532
9343443100083,2531
,2530
9343443100052,2529
9343443100045,2528
,2527
,2526
9343443009966,2525
,2522
9343443009942,2523
9343443009959,2524
9343443009980,2521
9343443009973,2520
,2519
9343443100007,2518
9343443009997,2517
,2516
9343443009676,2512
9343443009683,2509
,2506
,2505
,2504
9343443009102,2503
9343443009096,2502
9343443009775,2499
9343443009768,2500
9343443009751,2501
,2497
9343443009782,2498
9343443009805,2494
9343443009812,2496
9343443009799,2495
9343443009829,2492
9343443009836,2493
,2491
9343443009904,2490
,2487
9343443009881,2488
9343443009898,2489
9343443009935,2486
9343443009911,2484
9343443009928,2485
,2483
9343443009874,2482
9343443009867,2481
,2480
9343443009584,2479
9343443009560,2477
9343443009577,2478
9343443009614,2476
,2473
9343443009591,2474
9343443009607,2475
9343443009638,2471
9343443009621,2470
9343443009645,2472
,2469
9343443009744,2468
9343443009737,2467
9343443009720,2466
,2465
9343443009713,2464
9343443009706,2463
9343443009690,2462
,2461
9343443009850,2459
9343443009843,2460
,2458
9343443009553,2454
9343443009539,2452
9343443009546,2453
9343443009423,2451
9343443009485,2450
9343443009461,2448
9343443009478,2449
,2444
9343443009454,2447
9343443009430,2445
9343443009447,2446
9343443009522,2443
9343443009515,2442
9343443009508,2441
9343443009492,2440
,2439
,2438
,2435
,2434
,2433
9343443008693,2431
9343443008709,2432
9343443008686,2430
9343443008648,2429
9343443008631,2428
9343443008624,2427
,2425
,2426
,2424
,2423
9343443009379,2422
9343443009362,2421
9343443009355,2420
9343443009348,2419
9343443009331,2418
,2415
9343443009393,2417
9343443009386,2416
9343443009324,2414
9343443009300,2412
9343443009300,2413
,2411
9343443009416,2409
9343443009409,2408
,2407
,2405
,2406
,2404
9343443007948,2402
,2400
9343443007993,2401
9343443009294,2398
9343443009287,2399
,2397
9343443009270,2396
,2395
9343443009256,2393
9343443009263,2394
9343443009249,2392
,2391
,2390
9343443009232,2389
,2388
9343443009225,2387
,2386
,2384
9343443009201,2385
9343443009218,2383
,2382
,2379
,2376
,2377
,2378
,2375
,2374
,2370
,2371
,2372
,2373
,2369
,2368
,2367
,2366
,2365
,2364
,2363
,2360
,2361
,2362
,2359
,2357
,2358
,2356
,2355
,2354
,2353
,2350
,2351
,2352
,2346
,2344
,2343
,2345
,2342
9343443009119,2337
9343443009126,2336
9343443009010,2335
9343443008990,2334
9343443009003,2333
9343443009027,2331
9343443009034,2332
9343443009065,2330
9343443009058,2328
9343443009072,2326
9343443009089,2327
9343443009041,2329
,2325
,2322
9343443009133,2320
,2318
9343443009140,2319
9343443009171,2317
9343443009164,2315
9343443009188,2313
9343443009195,2314
9343443009157,2316
,2312
9343443008983,2310
9343443008976,2311
9343443008969,2308
9343443008952,2309
,2307
9343443008990,2306
9343443008808,2303
9343443008815,2305
9343443008839,2302
9343443008792,2304
9343443008822,2301
9343443008853,2298
9343443008860,2300
9343443008884,2297
9343443008846,2299
,2295
9343443008877,2296
9343443008945,2291
9343443008914,2294
9343443008891,2292
9343443008907,2293
9343443008921,2289
9343443008938,2290
,2288
,2285
9343443008785,2287
9343443008778,2286
9343443008761,2284
9343443008754,2283
,2282
9343443008730,2279
934344300874,2281
,2277
,2276
9343443008723,2275
,2273
9343443008716,2274
9343443008648,2271
,2268
9343443008624,2269
9343443008631,2270
9343443008709,2267
,2264
9343443008693,2266
9343443008686,2265
9343443008662,2262
9343443008679,2263
,2260
9343443008655,2261
9343443008617,2259
9343443008594,2257
9343443008600,2258
,2256
9343443008495,2248
9343443008501,2250
9343443008488,2249
9343443008525,2247
9343443008518,2246
9343443008419,2244
9343443008426,2245
,2242
9343443008402,2243
9343443008396,2240
9343443008389,2239
9343443008372,2238
,2237
9343443008587,2236
9343443008570,2235
9343443008563,2234
9343443008556,2233
9343443008549,2232
9343443008532,2231
9343443008464,2229
9343443008471,2230
9343443008440,2227
9343443008457,2228
9343443008433,2226
,2224
,2223
,2222
,2221
,2220
,2219
,2217
,2218
,2216
9343443008266,2213
9343443008259,2212
9343443008242,2211
9343443008297,2210
9343443008280,2209
,2207
9343443008273,2208
,2203
9343443008341,2202
9343443008334,2201
9343443008365,2200
9343443008358,2199
,2198
9343443008204,2194
9343443008181,2192
9343443008198,2193
9343443008167,2190
9343443008150,2189
9343443008174,2191
,2188
9343443008013,2187
9343443008037,2185
9343443008020,2184
9343443008044,2186
,2183
9343443008075,2182
9343443008051,2180
9343443008068,2181
,2179
9343443008143,2178
9343443008136,2177
9343443008112,2175
9343443008129,2176
,2174
9343443007986,2173
9343443007979,2172
9343443007962,2171
9343443007924,2170
9343443007917,2169
9343443007900,2168
,2167
9343443007931,2166
9343443007672,2165
,2163
9343443007665,2164
9343443007771,2162
9343443007764,2161
9343443007757,2160
,2159
9343443007696,2157
9343443007870,2158
,2155
9343443007689,2156
9343443007795,2153
9343443007788,2152
9343443007856,2154
,2151
9343443007597,2150
9343443007832,2148
9343443007580,2149
,2147
,2143
9343443007733,2141
9343443007726,2140
,2142
,2139
9343443007719,2137
9343443007702,2136
9343443007863,2138
,2135
9343443007818,2134
9343443007849,2132
9343443007801,2133
,2131
9343443007634,2130
9343443007627,2129
9343443007603,2127
9343443007610,2128
,2126
,2125
9343443007573,2123
9343443007566,2122
9343443007559,2121
9343443007542,2120
,2119
9343443007535,2118
9343443007528,2117
9343443007511,2116
,2115
,2113
,2112
,2114
,2111
9999999999000,2110
,2109
,2108
9343443007481,2107
9343443007504,2106
9343443007498,2105
,2102
,2101
,2100
,2099
,2098
,2097
,2096
,2095
,2094
,2093
,2092
,2091
,2090
,2089
,2088
,2087
,2086
,2085
,2084
,2083
,2082
,2081
,2080
9999999999901,2079
,2076
,2075
9343443007085,2067
9343443007078,2066
9343443007061,2065
,2064
9343443007115,2060
9343443007108,2059
9343443007092,2058
9343443008235,2057
9343443008228,2056
,2055
9343443007160,2054
9343443007146,2052
9343443007153,2053
,2051
9343443007191,2050
9343443007184,2049
9343443007177,2048
9343443007276,2043
9343443007269,2042
9343443007245,2040
9343443007252,2041
9343443007238,2039
,2038
9343443007313,2036
9343443007320,2037
9343443007306,2035
9343443007290,2034
9343443007283,2033
,2032
9343443001328,2030
9343443001311,2029
9343443001304,2028
,2027
9343443006736,2026
9343443006729,2025
9343443006712,2024
,2023
9343443006576,2022
9343443006569,2021
9343443006552,2020
9343443006590,2019
9343443006583,2018
9343443006521,2017
9343443006514,2016
9343443006507,2015
9343443006538,2013
9343443006545,2014
9343443006620,2012
9343443006613,2011
9343443006606,2010
9343443006644,2009
9343443006637,2008
9343443006477,2006
9343443006460,2007
9343443006484,2005
9343443006491,2004
,2003
9343443006750,2001
9343443006767,2002
,1999
9343443006743,2000
9343443006668,1997
9343443006675,1998
9343443006699,1994
9343443006705,1995
9343443006651,1996
9343443006682,1993
,1992
9343443008105,1990
9343443008082,1991
9343443008099,1989
,1988
9343443006453,1987
9343443006446,1986
,1985
9343443007030,1984
9343443007054,1983
9343443007047,1982
,1981
9343443006989,1980
,1979
,1978
,1977
,1976
,1975
9343443006903,1974
9343443006934,1973
9343443006927,1972
9343443006910,1971
9343443006897,1969
9343443006866,1970
9343443006880,1968
9343443006873,1967
9343443006941,1966
9343443006972,1965
9343443006965,1964
9343443006958,1963
,1962
,1961
9343443006996,1960
,1959
9343443006828,1958
9343443006811,1957
9343443006804,1956
9343443006842,1954
9343443006859,1955
9343443006835,1953
,1952
,1951
,1948
,1947
9343443006095,1946
9343443006088,1945
9343443006071,1944
,1943
9343443005975,1942
9343443005968,1941
,1940
9343443005982,1939
9343443006286,1938
9343443006279,1937
9343443006262,1936
9343443006255,1935
9343443006248,1934
9343443006231,1933
9343443006224,1932
9343443006217,1931
9343443006200,1930
9343443006194,1929
9343443006330,1928
9343443006323,1927
9343443006316,1926
9343443006309,1925
9343443006293,1924
,1923
9343443006163,1922
9343443006156,1921
9343443006187,1920
9343443006170,1919
,1918
9343443006149,1917
9343443006132,1916
,1915
9343443005593,1913
9343443005609,1914
9343443005586,1912
9343443005579,1911
9343443005562,1910
9343443005555,1909
,1908
9343443005548,1907
9343443005531,1906
9343443005524,1905
9343443005470,1903
9343443005487,1904
9343443005463,1902
9343443005500,1900
9343443005517,1901
9343443005494,1899
,1898
9343443006125,1894
9343443006118,1893
9343443006101,1892
,1891
9343443005746,1889
9343443005753,1890
9343443005722,1887
9343443005739,1888
9343443005715,1886
9343443005647,1884
9343443005654,1885
9343443005623,1882
9343443005630,1883
9343443005616,1881
9343443005692,1879
9343443005708,1880
9343443005685,1878
9343443005678,1877
9343443005661,1876
9343443005814,1872
9343443005807,1871
9343443005791,1870
,1869
9343443005869,1868
9343443005852,1867
,1866
9343443005951,1861
9343443005944,1860
9343443005937,1859
9343443005890,1858
9343443005920,1855
9343443005876,1856
9343443005883,1857
9343443005906,1853
9343443005913,1854
,1852
9343443006033,1850
9343443006026,1849
9343443006040,1851
9343443006002,1847
9343443006019,1848
9343443005999,1846
,1845
9343443006064,1844
9343443006057,1843
,1842
,1841
9343443005418,1836
9343443005401,1835
9343443006385,1819
9343443006378,1818
9343443006354,1816
9343443006361,1817
9343443006439,1814
9343443006347,1815
9343443006415,1812
9343443006422,1813
9343443006408,1811
9343443006392,1810
,1809
,1802
,1801
,1800
9343443005371,1799
9343443005364,1798
9343443005357,1797
9343443005395,1796
9343443005388,1795
,1794
,1793
,1792
9343443005265,1791
9343443005258,1790
9343443005241,1789
9343443005296,1788
9343443005289,1787
9343443005272,1786
9343443005319,1782
9343443005302,1781
9343443004916,1777
9343443004923,1778
9343443004930,1775
9343443004947,1776
,1774
9343443004596,1773
9343443004664,1771
9343443004695,1772
9343443004589,1770
,1769
,1768
,1767
,1766
,1762
,1764
,1763
,1720
,1719
,1717
,1718
,1715
,1716
,1714
,1713
,1704
,1703
,1702
,1700
,1701
,1698
,1699
,1697
,1696
,1695
,1694
9343443004886,1654
9343443004893,1655
9343443004909,1656
,1652
9343443004879,1653
9343443004688,1649
,1647
9343443004671,1648
9343443004824,1640
9343443004831,1641
9343443004602,1639
9343443004862,1629
9343443004855,1628
,1626
9343443004848,1627
,1623
,1622
9343443004817,1620
9343443004800,1619
9343443004794,1618
,1617
,1558
,1557
,1556
,1524
,1523
,1522
,1413
,1414
,1415
,1412
,1411
,1410
9343443004749,1408
9343443004756,1409
,1406
9343443004732,1407
,1382
9343443004527,1383
,1377
,1376
,1375
,1374
,1373
,1372
9343443004275,1368
9343443004268,1367
9343443004251,1366
,1361
,1360
,1355
9343443004534,1356
9343443004541,1353
,1352
9343443004558,1351
,1350
,1349
,1348
9343443004572,1347
,1345
,1342
,1343
,1340
,1341
9343443004565,1339
,1337
,1333
,1334
,1332
,1331
,1316
,1303
,1302
,1301
,1300
,1297
,1298
,1295
,1296
,1293
,1292
,1294
,1291
9343443004350,1278
9343443004367,1279
,1276
9343443004343,1277
9343443004381,1274
,1272
9343443004374,1273
9343443004329,1270
9343443004336,1271
,1268
9343443004312,1269
9343443004428,1267
9343443004411,1266
9343443004404,1265
,1264
9343443004459,1263
9343443004442,1262
9343443004435,1261
,1260
,1257
,1258
,1256
9343443004787,1243
9343443004770,1242
9343443004244,1240
9343443004220,1237
9343443004213,1238
,1236
9343443004206,1235
9343443004183,1233
9343443004190,1234
9343443004114,1230
9343443004121,1231
9343443004176,1232
9343443004107,1229
9343443004091,1228
9343443004169,1227
9343443004145,1225
9343443004152,1226
,1223
9343443004138,1224
,1222
9343443003995,1218
,1215
9343443004022,1213
9343443004015,1212
9343443004008,1211
,1210
9343443003964,1209
,1206
9343443003902,1201
9343443003896,1200
9343443003889,1199
9343443003926,1197
9343443003933,1198
,1195
9343443003919,1196
9343443004077,1193
9343443004060,1192
9343443004084,1194
9343443004053,1191
9343443004046,1190
9343443004039,1189
,1172
,1169
,1171
,1170
,1168
9343443003827,1153
9343443003834,1154
9343443003704,1149
9343443003797,1150
9343443003810,1152
9343443003803,1151
9343443003698,1148
9343443003681,1147
9343443003841,1143
,1142
9343443003780,1130
9343443003773,1131
9343443003766,1128
9343443003759,1129
,1127
,1120
,1118
,1115
9343443003414,1112
9343443003537,1105
9343443003483,1101
9343443003490,1102
9343443003520,1104
9343443003568,1098
9343443003575,1099
9343443003476,1096
9343443003513,1097
,1094
9343443003551,1095
9343443003391,1057
,1056
9343443002745,1049
,1043
,1045
,1044
,1046
,1041
,1038
,1040
,1039
,1036
,1037
,1034
,1035
,1032
9343443003360,976
9343443003339,973
,972
,949
,946
,948
,942
,945
,944
,943
9343443002738,936
9343443002721,935
,934
,933
9343443002684,928
9343443002660,926
,925
9343443001670,903
9343443001694,902
,900
9343443001687,901
,800
,798
,483
,480
,482
,481
,402
,401
,399
,400
,386
,383
,385
,384
,367
,370
,369
,368
,365
,364
,362
,363
,348
,347
,349
,346
,333
,332
,330
,331
,302
,301
,300
,299
,281
,280
,279
,277
,278
9343443002462,266
9343443002479,267
,264
9343443002455,265
9343443001298,241
,227
,226
9343443001502,213
9343443001465,212
9343443001328,208
,205
9343443001311,207
9343443001304,206
9343443000802,200
,199
,197
9343443000819,198
9343443001830,133
9343443002073,130
9343443001861,127
,122
,111
,107
9343443000840,105
9343443000857,106
,103
9343443000833,104
9343443002264,95
9343443002257,94
9343443002240,93
9343443002059,92
,89
9343443002042,91
9343443001557,88
9343443001540,87
9343443001533,86
,85
9343443000888,84
9343443000871,83
9343443000925,82
,81
9343443000444,80
,77
9343443000437,79
9343443000420,78
9343443002110,76
9343443002103,75
9343443002097,74
9343443002233,73
9343443002226,72
9343443002219,71
,70
9343443000321,60
9343443000314,59
9343443001595,61
9343443000307,58
9343443000352,52
9343443000345,51
9343443000338,50
9343443000383,56
9343443000376,55
9343443000369,54
,45
9343443000413,48
9343443000406,47
9343443000390,46
10622111,3055
GWP003,3054
GWP002,3053
